SV.key,Type,Chromosome,Pos,Length,Genes,Num.genes,Species,SV.freq
chr13:108862097:<DEL>:30484:338.18,<DEL>,chr13,108862097,30484,ENSMMUG00000047459.1|ENSMMUG00000044309.1,2,Macaque,0.09375
chr10:64751505:<DUP>:816:1017.97,<DUP>,chr10,64751505,816,ENSMMUG00000009544.3,1,Macaque,0.28125
chr7:168734577:<DEL>:65426:6308.55,<DEL>,chr7,168734577,65426,ENSMMUG00000015202.3,1,Macaque,0.875
chr20:4898880:<DEL>:480:8045.2,<DEL>,chr20,4898880,480,ENSMMUG00000017822.3,1,Macaque,0.65625
chr16:58395630:<DEL>:1819:2354.62,<DEL>,chr16,58395630,1819,ENSMMUG00000016685.3,1,Macaque,0.0625
chr1:51513126:<DEL>:1518:687.65,<DEL>,chr1,51513126,1518,ENSMMUG00000014035.3,1,Macaque,0.1875
chr15:6866338:<DUP>:401:146.4,<DUP>,chr15,6866338,401,ENSMMUG00000006479.3,1,Macaque,0.03125
chr14:12059262:<DEL>:34703:1214.07,<DEL>,chr14,12059262,34703,ENSMMUG00000004424.3,1,Macaque,0.25
chr3:39661626:<DEL>:11573:1293.72,<DEL>,chr3,39661626,11573,ENSMMUG00000008220.3,1,Macaque,0.03125
chr9:118627709:<DEL>:1239:1776.63,<DEL>,chr9,118627709,1239,ENSMMUG00000021138.3,1,Macaque,0.46875
chr1:92691434:<DEL>:776:4747.37,<DEL>,chr1,92691434,776,ENSMMUG00000031975.2,1,Macaque,0.90625
chr15:12558626:<DEL>:511:7608.14,<DEL>,chr15,12558626,511,ENSMMUG00000000871.3,1,Macaque,0.78125
chr19:22594628:<DUP>:1253:1570.87,<DUP>,chr19,22594628,1253,ENSMMUG00000003688.3,1,Macaque,0.5625
chrX:123944663:<DEL>:1756:2666.16,<DEL>,chrX,123944663,1756,ENSMMUG00000008785.3,1,Macaque,0.125
chr6:690861:<DUP>:69602:1062.25,<DUP>,chr6,690861,69602,ENSMMUG00000003194.3|ENSMMUG00000047569.1,2,Macaque,0.625
chr16:21648822:<DEL>:92433:8408.35,<DEL>,chr16,21648822,92433,ENSMMUG00000010083.3|ENSMMUG00000041559.1,2,Macaque,0.9375
chr11:11967022:<DEL>:79219:277.34,<DEL>,chr11,11967022,79219,ENSMMUG00000039348.1|ENSMMUG00000048811.1,2,Macaque,0.21875
chr4:62013104:<DEL>:21375:1546.34,<DEL>,chr4,62013104,21375,ENSMMUG00000041338.1,1,Macaque,0.03125
chr10:32358092:<DEL>:58002:2159.62,<DEL>,chr10,32358092,58002,ENSMMUG00000005985.3,1,Macaque,0.09375
chrX:49566444:<DEL>:45604:2093.93,<DEL>,chrX,49566444,45604,ENSMMUG00000002333.3,1,Macaque,0.53125
chr11:9155034:<DEL>:561:3140.26,<DEL>,chr11,9155034,561,ENSMMUG00000022680.3,1,Macaque,0.53125
chr10:64045873:<DUP>:25626:189.43,<DUP>,chr10,64045873,25626,ENSMMUG00000040017.1|ENSMMUG00000041627.1,2,Macaque,0.125
chr3:168114894:<DEL>:2049:1415.8,<DEL>,chr3,168114894,2049,ENSMMUG00000044167.1,1,Macaque,0.34375
chr11:53029504:<DEL>:2405:1799.83,<DEL>,chr11,53029504,2405,ENSMMUG00000005182.3,1,Macaque,0.375
chr3:160674203:<DEL>:81435:1824.48,<DEL>,chr3,160674203,81435,ENSMMUG00000013098.3|ENSMMUG00000012324.3,2,Macaque,0.6875
chr20:44050153:<DUP>:20347:731.96,<DUP>,chr20,44050153,20347,ENSMMUG00000043672.1,1,Macaque,0.03125
chr1:136295835:<DEL>:98035:14327.84,<DEL>,chr1,136295835,98035,ENSMMUG00000003775.3|ENSMMUG00000016206.3|ENSMMUG00000039212.1,3,Macaque,0.9375
chr20:39869210:<DUP>:96764:1099.95,<DUP>,chr20,39869210,96764,ENSMMUG00000009454.3|ENSMMUG00000046250.1,2,Macaque,0.53125
chr15:1035387:<DEL>:480:352.02,<DEL>,chr15,1035387,480,ENSMMUG00000012164.3,1,Macaque,0.03125
chr13:91275093:<DEL>:3143:1954.32,<DEL>,chr13,91275093,3143,ENSMMUG00000030652.2,1,Macaque,0.09375
chr9:33404586:<DEL>:385:26103.01,<DEL>,chr9,33404586,385,ENSMMUG00000017588.3,1,Macaque,0.9375
chr10:64013196:<DUP>:18230:181.97,<DUP>,chr10,64013196,18230,ENSMMUG00000031072.2|ENSMMUG00000047452.1,2,Macaque,0.09375
chr11:129088194:<DEL>:31340:503.41,<DEL>,chr11,129088194,31340,ENSMMUG00000012564.3,1,Macaque,0.125
chr1:131577625:<DEL>:854:2346.57,<DEL>,chr1,131577625,854,ENSMMUG00000012436.3,1,Macaque,0.125
chr14:1028292:<DUP>:418:721.35,<DUP>,chr14,1028292,418,ENSMMUG00000003326.3,1,Macaque,0.34375
chr1:150841393:<DEL>:762:5854.84,<DEL>,chr1,150841393,762,ENSMMUG00000022639.3,1,Macaque,0.34375
chr10:84642400:<DEL>:55002:4269.46,<DEL>,chr10,84642400,55002,ENSMMUG00000031010.2|ENSMMUG00000027696.2|ENSMMUG00000031009.2|ENSMMUG00000009716.3,4,Macaque,0.78125
chr11:67127428:<DEL>:1332:31596.13,<DEL>,chr11,67127428,1332,ENSMMUG00000031762.2,1,Macaque,0.9375
chr13:90503847:<DEL>:28047:3970.08,<DEL>,chr13,90503847,28047,ENSMMUG00000041020.1,1,Macaque,0.6875
chr11:49287709:<DEL>:377:12177.9,<DEL>,chr11,49287709,377,ENSMMUG00000022961.3,1,Macaque,0.59375
chr13:90555654:<DEL>:94647:16320.54,<DEL>,chr13,90555654,94647,ENSMMUG00000039740.1|ENSMMUG00000038879.1|ENSMMUG00000037781.1|ENSMMUG00000038927.1|ENSMMUG00000041020.1,5,Macaque,0.8125
chr11:53023492:<DEL>:8420:780.83,<DEL>,chr11,53023492,8420,ENSMMUG00000005182.3|ENSMMUG00000031851.2,2,Macaque,0.21875
chr13:90530200:<DUP>:73683:285.0,<DUP>,chr13,90530200,73683,ENSMMUG00000038879.1|ENSMMUG00000037781.1|ENSMMUG00000038927.1|ENSMMUG00000041020.1|ENSMMUG00000047062.1,5,Macaque,0.125
chr1:110702833:<DEL>:15867:186.68,<DEL>,chr1,110702833,15867,ENSMMUG00000046742.1|ENSMMUG00000020851.3,2,Macaque,0.0625
chr2:56281451:<DEL>:79369:3057.3,<DEL>,chr2,56281451,79369,ENSMMUG00000024238.2|ENSMMUG00000008966.3|ENSMMUG00000031981.2|ENSMMUG00000044906.1,4,Macaque,0.65625
chrX:47425736:<DEL>:3010:3554.64,<DEL>,chrX,47425736,3010,ENSMMUG00000005453.3,1,Macaque,0.15625
chr1:141831507:<DEL>:333:2666.67,<DEL>,chr1,141831507,333,ENSMMUG00000023211.2,1,Macaque,0.125
chr3:126480739:<DEL>:2125:369.42,<DEL>,chr3,126480739,2125,ENSMMUG00000048774.1,1,Macaque,0.1875
chr7:2145400:<DUP>:1761:1145.79,<DUP>,chr7,2145400,1761,ENSMMUG00000044240.1,1,Macaque,0.53125
chr14:1081988:<DEL>:2914:927.63,<DEL>,chr14,1081988,2914,ENSMMUG00000010544.3,1,Macaque,0.09375
chr13:3932693:<DEL>:1106:390.39,<DEL>,chr13,3932693,1106,ENSMMUG00000040840.1,1,Macaque,0.3125
chr2:56283066:<DEL>:79042:1524.33,<DEL>,chr2,56283066,79042,ENSMMUG00000024238.2|ENSMMUG00000008966.3|ENSMMUG00000031981.2|ENSMMUG00000044906.1,4,Macaque,0.625
chr11:125088994:<DEL>:3013:506.11,<DEL>,chr11,125088994,3013,ENSMMUG00000017901.3,1,Macaque,0.15625
chrX:135682628:<DEL>:36113:4892.62,<DEL>,chrX,135682628,36113,ENSMMUG00000032328.2,1,Macaque,0.75
chr3:126479319:<DEL>:4830:1552.55,<DEL>,chr3,126479319,4830,ENSMMUG00000048774.1,1,Macaque,0.125
chr11:38304928:<DEL>:1419:6734.62,<DEL>,chr11,38304928,1419,ENSMMUG00000032027.2,1,Macaque,0.28125
chr13:91225182:<DUP>:16512:998.25,<DUP>,chr13,91225182,16512,ENSMMUG00000049079.1,1,Macaque,0.53125
chr7:84259900:<DEL>:1051:8412.42,<DEL>,chr7,84259900,1051,ENSMMUG00000001035.3,1,Macaque,0.40625
chr13:54602623:<DEL>:1774:6465.46,<DEL>,chr13,54602623,1774,ENSMMUG00000010634.3,1,Macaque,0.90625
chr11:54453086:<DEL>:436:4357.31,<DEL>,chr11,54453086,436,ENSMMUG00000013232.2,1,Macaque,0.25
chr13:90988540:<DEL>:16783:548.42,<DEL>,chr13,90988540,16783,ENSMMUG00000043249.1,1,Macaque,0.3125
chr3:185371606:<DEL>:306:6925.03,<DEL>,chr3,185371606,306,ENSMMUG00000006973.3,1,Macaque,0.75
chr2:141364819:<DEL>:1044:6060.75,<DEL>,chr2,141364819,1044,ENSMMUG00000045343.1,1,Macaque,0.3125
chr13:91225865:<DUP>:16604:220.06,<DUP>,chr13,91225865,16604,ENSMMUG00000049079.1,1,Macaque,0.15625
chr1:224679963:<DEL>:78733:3408.89,<DEL>,chr1,224679963,78733,ENSMMUG00000017712.3|ENSMMUG00000046911.1|ENSMMUG00000039198.1|ENSMMUG00000043067.1,4,Macaque,0.65625
chr9:37007457:<DEL>:8192:593.15,<DEL>,chr9,37007457,8192,ENSMMUG00000009810.3,1,Macaque,0.125
chr4:140290917:<DEL>:37311:447.0,<DEL>,chr4,140290917,37311,ENSMMUG00000036884.2|ENSMMUG00000015352.3,2,Macaque,0.125
chr1:105124814:<DEL>:2857:13715.99,<DEL>,chr1,105124814,2857,ENSMMUG00000015083.2,1,Macaque,0.71875
chr8:7359526:<DUP>:20216:1985.8,<DUP>,chr8,7359526,20216,ENSMMUG00000039375.1,1,Macaque,0.59375
chr4:167387981:<DEL>:1272:3590.91,<DEL>,chr4,167387981,1272,ENSMMUG00000047404.1,1,Macaque,0.90625
chr6:689252:<DUP>:59860:183.66,<DUP>,chr6,689252,59860,ENSMMUG00000003194.3|ENSMMUG00000047569.1,2,Macaque,0.125
chr19:17482608:<DEL>:744:3282.82,<DEL>,chr19,17482608,744,ENSMMUG00000000196.3,1,Macaque,0.84375
chr12:125428887:<DUP>:56433:640.36,<DUP>,chr12,125428887,56433,ENSMMUG00000039406.1,1,Macaque,0.0625
chr8:7191556:<DUP>:16347:148.38,<DUP>,chr8,7191556,16347,ENSMMUG00000029115.2,1,Macaque,0.125
chr17:3476980:<DEL>:742:5405.1,<DEL>,chr17,3476980,742,ENSMMUG00000001291.3,1,Macaque,0.1875
chr6:107894983:<DEL>:6150:7067.67,<DEL>,chr6,107894983,6150,ENSMMUG00000004275.3,1,Macaque,0.34375
chr19:49880130:<DEL>:2112:1649.98,<DEL>,chr19,49880130,2112,ENSMMUG00000044622.1,1,Macaque,0.4375
chrX:54566354:<DEL>:21982:2478.71,<DEL>,chrX,54566354,21982,ENSMMUG00000045389.1|ENSMMUG00000002442.3|ENSMMUG00000043602.1,3,Macaque,0.8125
chr17:94881824:<DUP>:462:1394.78,<DUP>,chr17,94881824,462,ENSMMUG00000046448.1,1,Macaque,0.34375
chr11:11645026:<DEL>:58895:2013.98,<DEL>,chr11,11645026,58895,ENSMMUG00000046351.1,1,Macaque,0.40625
chr13:108513038:<DEL>:3691:1669.08,<DEL>,chr13,108513038,3691,ENSMMUG00000008434.3,1,Macaque,0.15625
chr10:64022727:<DUP>:44346:1635.14,<DUP>,chr10,64022727,44346,ENSMMUG00000031072.2|ENSMMUG00000040017.1|ENSMMUG00000039568.1|ENSMMUG00000043547.1|ENSMMUG00000041627.1,5,Macaque,0.5
chr7:2094764:<DUP>:6251:581.41,<DUP>,chr7,2094764,6251,ENSMMUG00000041287.1|ENSMMUG00000045705.1|ENSMMUG00000039743.1,3,Macaque,0.21875
chr10:63971191:<DEL>:95175:1867.73,<DEL>,chr10,63971191,95175,ENSMMUG00000038538.1|ENSMMUG00000031072.2|ENSMMUG00000040017.1|ENSMMUG00000039568.1|ENSMMUG00000007435.2|ENSMMUG00000007440.2|ENSMMUG00000042229.1|ENSMMUG00000043547.1|ENSMMUG00000041627.1|ENSMMUG00000047452.1,10,Macaque,0.5
chr7:167428887:<DUP>:76681:2756.09,<DUP>,chr7,167428887,76681,ENSMMUG00000007517.3,1,Macaque,0.3125
chr9:128177390:<DEL>:9008:1519.11,<DEL>,chr9,128177390,9008,ENSMMUG00000022445.3,1,Macaque,0.25
chr10:84658721:<DEL>:61765:6163.88,<DEL>,chr10,84658721,61765,ENSMMUG00000037294.2|ENSMMUG00000031009.2|ENSMMUG00000010193.3|ENSMMUG00000009716.3,4,Macaque,0.65625
chr19:49568996:<DUP>:26929:131.16,<DUP>,chr19,49568996,26929,ENSMMUG00000041249.1|ENSMMUG00000023355.3,2,Macaque,0.09375
chr20:39845599:<DUP>:97301:285.28,<DUP>,chr20,39845599,97301,ENSMMUG00000009454.3|ENSMMUG00000046250.1,2,Macaque,0.21875
chr10:64023019:<DEL>:44257:407.01,<DEL>,chr10,64023019,44257,ENSMMUG00000031072.2|ENSMMUG00000040017.1|ENSMMUG00000039568.1|ENSMMUG00000043547.1|ENSMMUG00000041627.1,5,Macaque,0.15625
chr6:180855:<DUP>:92840:4116.8,<DUP>,chr6,180855,92840,ENSMMUG00000000752.3|ENSMMUG00000014452.3|ENSMMUG00000040222.1,3,Macaque,0.90625
chr19:22594075:<DEL>:1244:215.76,<DEL>,chr19,22594075,1244,ENSMMUG00000003688.3,1,Macaque,0.09375
chr4:23090425:<DEL>:1851:3543.2,<DEL>,chr4,23090425,1851,ENSMMUG00000044314.1,1,Macaque,0.125
chr1:223399189:<DEL>:380:5216.16,<DEL>,chr1,223399189,380,ENSMMUG00000009100.3,1,Macaque,0.3125
chr13:90524281:<DEL>:17071:176.54,<DEL>,chr13,90524281,17071,ENSMMUG00000041020.1|ENSMMUG00000047062.1,2,Macaque,0.0625
chr6:59565036:<DEL>:548:3219.42,<DEL>,chr6,59565036,548,ENSMMUG00000042450.1,1,Macaque,0.875
chr15:56477692:<DEL>:812:19382.7,<DEL>,chr15,56477692,812,ENSMMUG00000043473.1,1,Macaque,0.78125
chr4:2829957:<DEL>:562:11631.61,<DEL>,chr4,2829957,562,ENSMMUG00000011719.3,1,Macaque,0.875
chr10:84658800:<DUP>:62307:4299.53,<DUP>,chr10,84658800,62307,ENSMMUG00000037294.2|ENSMMUG00000031009.2|ENSMMUG00000010193.3|ENSMMUG00000009716.3,4,Macaque,0.875
chr7:158558111:<DEL>:892:237.63,<DEL>,chr7,158558111,892,ENSMMUG00000003658.3,1,Macaque,0.21875
chr7:2097761:<DEL>:5727:192.06,<DEL>,chr7,2097761,5727,ENSMMUG00000045577.1|ENSMMUG00000039827.1|ENSMMUG00000041287.1,3,Macaque,0.09375
chr7:41382718:<DEL>:9580:1235.72,<DEL>,chr7,41382718,9580,ENSMMUG00000013270.3,1,Macaque,0.15625
chr10:59873200:<DEL>:706:5999.35,<DEL>,chr10,59873200,706,ENSMMUG00000006731.3,1,Macaque,0.84375
chr12:81833207:<DEL>:2330:868.4,<DEL>,chr12,81833207,2330,ENSMMUG00000008102.3,1,Macaque,0.03125
chr18:58057359:<DEL>:13675:604.9,<DEL>,chr18,58057359,13675,ENSMMUG00000030109.2,1,Macaque,0.03125
chr1:126676061:<DUP>:464:1942.6,<DUP>,chr1,126676061,464,ENSMMUG00000045008.1,1,Macaque,0.40625
chr1:520173:<DEL>:21627:2955.11,<DEL>,chr1,520173,21627,ENSMMUG00000047918.1,1,Macaque,0.65625
chr10:66704433:<DEL>:815:201.24,<DEL>,chr10,66704433,815,ENSMMUG00000000263.3,1,Macaque,0.25
chr4:33409551:<DEL>:32307:372.28,<DEL>,chr4,33409551,32307,ENSMMUG00000042625.1|ENSMMUG00000029799.2,2,Macaque,0.125
chr2:52320602:<DEL>:11745:274.06,<DEL>,chr2,52320602,11745,ENSMMUG00000023123.3,1,Macaque,0.0625
chr7:85373530:<DEL>:33112:504.44,<DEL>,chr7,85373530,33112,ENSMMUG00000007465.3,1,Macaque,0.1875
chr5:56032916:<DUP>:22036:695.87,<DUP>,chr5,56032916,22036,ENSMMUG00000002564.3,1,Macaque,0.09375
chr1:121358771:<DEL>:6374:311.09,<DEL>,chr1,121358771,6374,ENSMMUG00000012707.3,1,Macaque,0.0625
chr11:63256755:<DEL>:524:3713.23,<DEL>,chr11,63256755,524,ENSMMUG00000007658.3,1,Macaque,0.59375
chr11:2802845:<DUP>:64184:832.47,<DUP>,chr11,2802845,64184,ENSMMUG00000012988.3,1,Macaque,0.40625
chr5:67820504:<DEL>:11150:18978.83,<DEL>,chr5,67820504,11150,ENSMMUG00000046725.1,1,Macaque,0.9375
chr13:74919707:<DEL>:726:12212.73,<DEL>,chr13,74919707,726,ENSMMUG00000017683.3,1,Macaque,0.9375
chr4:25193844:<DEL>:699:3247.11,<DEL>,chr4,25193844,699,ENSMMUG00000009803.3,1,Macaque,0.8125
chr19:39885886:<DEL>:84794:130.59,<DEL>,chr19,39885886,84794,ENSMMUG00000048093.1|ENSMMUG00000003101.3|ENSMMUG00000028750.2|ENSMMUG00000042300.1,4,Macaque,0.125
chr14:123643191:<DEL>:3907:8288.22,<DEL>,chr14,123643191,3907,ENSMMUG00000018119.3,1,Macaque,0.625
chr3:126479940:<DUP>:2344:252.38,<DUP>,chr3,126479940,2344,ENSMMUG00000048774.1,1,Macaque,0.15625
chr5:115525408:<DEL>:11651:521.53,<DEL>,chr5,115525408,11651,ENSMMUG00000003422.2,1,Macaque,0.125
chr8:7177655:<DUP>:83153:4156.71,<DUP>,chr8,7177655,83153,ENSMMUG00000040721.1|ENSMMUG00000045717.1|ENSMMUG00000029115.2,3,Macaque,0.90625
chr13:77188498:<DEL>:1601:21445.26,<DEL>,chr13,77188498,1601,ENSMMUG00000018977.2,1,Macaque,0.90625
chr11:11967846:<DEL>:79116:1212.3,<DEL>,chr11,11967846,79116,ENSMMUG00000039348.1,1,Macaque,0.28125
chr1:541132:<DEL>:49440:316.41,<DEL>,chr1,541132,49440,ENSMMUG00000001549.3|ENSMMUG00000045301.1,2,Macaque,0.125
chr19:50048805:<DUP>:16345:336.42,<DUP>,chr19,50048805,16345,ENSMMUG00000010125.3|ENSMMUG00000009456.3,2,Macaque,0.1875
chr11:7403165:<DEL>:35678:11301.59,<DEL>,chr11,7403165,35678,ENSMMUG00000012786.3|ENSMMUG00000043492.1,2,Macaque,0.9375
chr5:92340345:<DEL>:493:9080.54,<DEL>,chr5,92340345,493,ENSMMUG00000042846.1,1,Macaque,0.78125
chr17:25976734:<DUP>:16268:2274.33,<DUP>,chr17,25976734,16268,ENSMMUG00000004210.3,1,Macaque,0.1875
chr19:22314957:<DEL>:86798:241.97,<DEL>,chr19,22314957,86798,ENSMMUG00000003645.3|ENSMMUG00000028812.2,2,Macaque,0.15625
chr4:62786187:<DEL>:1694:4028.25,<DEL>,chr4,62786187,1694,ENSMMUG00000040033.1,1,Macaque,0.25
chr19:11461820:<DEL>:1316:1473.8,<DEL>,chr19,11461820,1316,ENSMMUG00000016505.3,1,Macaque,0.5
chr8:19984503:<DEL>:652:755.59,<DEL>,chr8,19984503,652,ENSMMUG00000020000.3,1,Macaque,0.25
chr5:63810466:<DEL>:21800:430.95,<DEL>,chr5,63810466,21800,ENSMMUG00000004465.3|ENSMMUG00000022339.3,2,Macaque,0.1875
chr13:90541944:<DUP>:19663:4928.16,<DUP>,chr13,90541944,19663,ENSMMUG00000037781.1|ENSMMUG00000041020.1,2,Macaque,0.8125
chr7:2141744:<DEL>:3794:407.37,<DEL>,chr7,2141744,3794,ENSMMUG00000045651.1,1,Macaque,0.15625
chr15:639715:<DUP>:5735:1115.79,<DUP>,chr15,639715,5735,ENSMMUG00000019610.3,1,Macaque,0.40625
chr20:56688808:<DEL>:16989:5040.07,<DEL>,chr20,56688808,16989,ENSMMUG00000040857.1,1,Macaque,0.78125
chr16:21411361:<DEL>:2697:1564.38,<DEL>,chr16,21411361,2697,ENSMMUG00000046240.1,1,Macaque,0.03125
chr2:188040595:<DEL>:1454:502.7,<DEL>,chr2,188040595,1454,ENSMMUG00000020109.3,1,Macaque,0.1875
chr1:129737117:<DEL>:561:2879.38,<DEL>,chr1,129737117,561,ENSMMUG00000023339.3,1,Macaque,0.65625
chr11:7422343:<DEL>:25144:4775.39,<DEL>,chr11,7422343,25144,ENSMMUG00000006470.3|ENSMMUG00000043492.1,2,Macaque,0.84375
chr7:168549606:<DEL>:21704:9829.92,<DEL>,chr7,168549606,21704,ENSMMUG00000037612.1,1,Macaque,0.9375
chr11:7395152:<DEL>:35093:343.37,<DEL>,chr11,7395152,35093,ENSMMUG00000012786.3|ENSMMUG00000043492.1,2,Macaque,0.1875
chr10:33943083:<DEL>:3220:1474.32,<DEL>,chr10,33943083,3220,ENSMMUG00000004709.3,1,Macaque,0.03125
chr7:168077271:<DEL>:5554:5859.84,<DEL>,chr7,168077271,5554,ENSMMUG00000047941.1,1,Macaque,0.34375
chrX:49566153:<DUP>:8041:4698.6,<DUP>,chrX,49566153,8041,ENSMMUG00000002333.3,1,Macaque,0.90625
chr3:160679701:<DEL>:29145:843.16,<DEL>,chr3,160679701,29145,ENSMMUG00000013098.3|ENSMMUG00000012324.3,2,Macaque,0.25
chr7:168563036:<DUP>:21172:1561.27,<DUP>,chr7,168563036,21172,ENSMMUG00000046624.1|ENSMMUG00000040272.1,2,Macaque,0.59375
chr19:49879951:<DEL>:38882:888.53,<DEL>,chr19,49879951,38882,ENSMMUG00000044622.1|ENSMMUG00000046629.1|ENSMMUG00000013289.3|ENSMMUG00000047029.1|ENSMMUG00000040008.1,5,Macaque,0.21875
chr8:7220742:<DEL>:14250:1679.06,<DEL>,chr8,7220742,14250,ENSMMUG00000045717.1,1,Macaque,0.46875
chr12:114930048:<DEL>:67822:7413.59,<DEL>,chr12,114930048,67822,ENSMMUG00000016871.3|ENSMMUG00000016873.3,2,Macaque,0.9375
chr4:33505368:<DEL>:77554:2272.67,<DEL>,chr4,33505368,77554,ENSMMUG00000020159.2,1,Macaque,0.5
chr13:90732439:<DEL>:2510:4640.58,<DEL>,chr13,90732439,2510,ENSMMUG00000045052.1|ENSMMUG00000039813.1,2,Macaque,0.40625
chr10:64015560:<DEL>:39983:422.02,<DEL>,chr10,64015560,39983,ENSMMUG00000031072.2|ENSMMUG00000040017.1|ENSMMUG00000039568.1|ENSMMUG00000043547.1|ENSMMUG00000041627.1|ENSMMUG00000047452.1,6,Macaque,0.15625
chr1:121879548:<DEL>:2177:419.98,<DEL>,chr1,121879548,2177,ENSMMUG00000038306.1,1,Macaque,0.4375
chr20:115219:<DEL>:10213:2558.6,<DEL>,chr20,115219,10213,ENSMMUG00000019566.3,1,Macaque,0.53125
chr11:8469048:<DEL>:625:814.9,<DEL>,chr11,8469048,625,ENSMMUG00000046124.1,1,Macaque,0.15625
chr14:1091619:<DEL>:1596:3756.45,<DEL>,chr14,1091619,1596,ENSMMUG00000010544.3,1,Macaque,0.8125
chr20:27569077:<DEL>:33110:1464.99,<DEL>,chr20,27569077,33110,ENSMMUG00000022330.3|ENSMMUG00000011370.3|ENSMMUG00000022334.3|ENSMMUG00000007332.3,4,Macaque,0.09375
chr20:135356:<DEL>:666:10695.78,<DEL>,chr20,135356,666,ENSMMUG00000029310.2,1,Macaque,0.375
chr3:126479964:<DUP>:3588:232.74,<DUP>,chr3,126479964,3588,ENSMMUG00000048774.1,1,Macaque,0.09375
chr19:20562384:<DEL>:612:569.22,<DEL>,chr19,20562384,612,ENSMMUG00000038140.1,1,Macaque,0.03125
chr10:92801292:<DEL>:372:7448.11,<DEL>,chr10,92801292,372,ENSMMUG00000022914.3,1,Macaque,0.625
chr3:515817:<DUP>:29264:2703.48,<DUP>,chr3,515817,29264,ENSMMUG00000022331.3,1,Macaque,0.625
chr7:168560871:<DUP>:20439:884.15,<DUP>,chr7,168560871,20439,ENSMMUG00000046624.1|ENSMMUG00000040272.1,2,Macaque,0.5
chr4:45296951:<DEL>:362:20241.23,<DEL>,chr4,45296951,362,ENSMMUG00000012876.3,1,Macaque,0.9375
chr19:49881051:<DEL>:39163:275.47,<DEL>,chr19,49881051,39163,ENSMMUG00000044622.1|ENSMMUG00000046629.1|ENSMMUG00000013289.3|ENSMMUG00000047029.1|ENSMMUG00000040008.1,5,Macaque,0.15625
chr4:161662716:<DUP>:5551:2184.45,<DUP>,chr4,161662716,5551,ENSMMUG00000016201.3,1,Macaque,0.46875
chr7:78509754:<DEL>:53455:829.15,<DEL>,chr7,78509754,53455,ENSMMUG00000038269.1|ENSMMUG00000039704.1,2,Macaque,0.28125
chr8:105442250:<DEL>:1021:1552.61,<DEL>,chr8,105442250,1021,ENSMMUG00000017845.3,1,Macaque,0.09375
chrX:610696:<DUP>:539:5966.77,<DUP>,chrX,610696,539,ENSMMUG00000041673.1|ENSMMUG00000042608.1,2,Macaque,0.875
chr9:84552352:<DUP>:19366:150.77,<DUP>,chr9,84552352,19366,ENSMMUG00000017533.3,1,Macaque,0.25
chr19:50054128:<DEL>:15615:873.85,<DEL>,chr19,50054128,15615,ENSMMUG00000010125.3|ENSMMUG00000009456.3,2,Macaque,0.21875
chr1:142723927:<DEL>:5715:4448.37,<DEL>,chr1,142723927,5715,ENSMMUG00000042038.1,1,Macaque,0.75
chr2:202486125:<DEL>:947:539.38,<DEL>,chr2,202486125,947,ENSMMUG00000047184.1,1,Macaque,0.09375
chr9:44870681:<DEL>:1559:3586.2,<DEL>,chr9,44870681,1559,ENSMMUG00000019677.3,1,Macaque,0.6875
chr7:1971581:<DUP>:994:749.53,<DUP>,chr7,1971581,994,ENSMMUG00000046874.1,1,Macaque,0.3125
chr11:107719813:<DEL>:931:1858.07,<DEL>,chr11,107719813,931,ENSMMUG00000021049.3,1,Macaque,0.09375
chr2:202870316:<DEL>:521:5481.78,<DEL>,chr2,202870316,521,ENSMMUG00000038924.1,1,Macaque,0.6875
chr16:76380409:<DEL>:600:647.95,<DEL>,chr16,76380409,600,ENSMMUG00000019224.3,1,Macaque,0.1875
chr3:33870019:<DEL>:7773:3986.8,<DEL>,chr3,33870019,7773,ENSMMUG00000040411.1|ENSMMUG00000041647.1,2,Macaque,0.65625
chr4:161656396:<DUP>:11049:200.1,<DUP>,chr4,161656396,11049,ENSMMUG00000016201.3,1,Macaque,0.09375
chr19:53656307:<DEL>:1501:1121.47,<DEL>,chr19,53656307,1501,ENSMMUG00000047173.1,1,Macaque,0.4375
chr1:77629174:<DEL>:638:1067.42,<DEL>,chr1,77629174,638,ENSMMUG00000042828.1,1,Macaque,0.4375
chr16:75580580:<DEL>:17311:1748.9,<DEL>,chr16,75580580,17311,ENSMMUG00000004457.3,1,Macaque,0.34375
chr16:30043551:<DEL>:1302:18810.92,<DEL>,chr16,30043551,1302,ENSMMUG00000030217.2,1,Macaque,0.59375
chr14:112969416:<DEL>:2176:1099.73,<DEL>,chr14,112969416,2176,ENSMMUG00000019111.3,1,Macaque,0.125
chr7:44482487:<DEL>:459:1949.84,<DEL>,chr7,44482487,459,ENSMMUG00000014482.3,1,Macaque,0.125
chrX:146387029:<DEL>:35336:4990.42,<DEL>,chrX,146387029,35336,ENSMMUG00000037641.1|ENSMMUG00000040955.1|ENSMMUG00000044938.1|ENSMMUG00000023693.3|ENSMMUG00000032316.2,5,Macaque,0.3125
chr6:43738886:<DEL>:7522:5211.71,<DEL>,chr6,43738886,7522,ENSMMUG00000019477.3,1,Macaque,0.75
chr3:49281360:<DEL>:4767:1170.32,<DEL>,chr3,49281360,4767,ENSMMUG00000045653.1,1,Macaque,0.34375
chr10:64029922:<DEL>:95076:2663.39,<DEL>,chr10,64029922,95076,ENSMMUG00000040017.1|ENSMMUG00000039568.1|ENSMMUG00000048682.1|ENSMMUG00000043547.1|ENSMMUG00000041627.1|ENSMMUG00000011397.3|ENSMMUG00000039166.1,7,Macaque,0.59375
chr14:1744352:<DEL>:558:1198.1,<DEL>,chr14,1744352,558,ENSMMUG00000016589.3,1,Macaque,0.0625
chr7:167435401:<DEL>:831:3918.05,<DEL>,chr7,167435401,831,ENSMMUG00000007517.3,1,Macaque,0.3125
chr12:114847294:<DUP>:83485:3318.43,<DUP>,chr12,114847294,83485,ENSMMUG00000006985.3|ENSMMUG00000041296.1,2,Macaque,0.90625
chr8:143252493:<DEL>:550:4008.73,<DEL>,chr8,143252493,550,ENSMMUG00000000451.3,1,Macaque,0.8125
chr5:63859402:<DEL>:55959:1833.5,<DEL>,chr5,63859402,55959,ENSMMUG00000004465.3,1,Macaque,0.40625
chr9:118911868:<DEL>:734:2195.16,<DEL>,chr9,118911868,734,ENSMMUG00000008564.3,1,Macaque,0.5625
chr4:31133713:<DUP>:22034:1240.04,<DUP>,chr4,31133713,22034,ENSMMUG00000040150.1|ENSMMUG00000019889.3,2,Macaque,0.53125
chr4:35403257:<DEL>:667:8223.43,<DEL>,chr4,35403257,667,ENSMMUG00000007811.3,1,Macaque,0.59375
chr9:118628986:<DUP>:1585:2021.77,<DUP>,chr9,118628986,1585,ENSMMUG00000021138.3,1,Macaque,0.75
chr7:168555341:<DEL>:2604:11847.08,<DEL>,chr7,168555341,2604,ENSMMUG00000037612.1,1,Macaque,0.625
chr1:519434:<DUP>:22148:1673.64,<DUP>,chr1,519434,22148,ENSMMUG00000047918.1,1,Macaque,0.5625
chr14:3242355:<DEL>:887:4002.58,<DEL>,chr14,3242355,887,ENSMMUG00000011977.3,1,Macaque,0.53125
chrX:92753089:<DEL>:883:3724.23,<DEL>,chrX,92753089,883,ENSMMUG00000046500.1,1,Macaque,0.65625
chr1:126907431:<DEL>:3748:618.27,<DEL>,chr1,126907431,3748,ENSMMUG00000012805.3,1,Macaque,0.34375
chr14:17514573:<DEL>:30359:2351.78,<DEL>,chr14,17514573,30359,ENSMMUG00000014956.3|ENSMMUG00000049124.1,2,Macaque,0.4375
chr6:43737884:<DUP>:3502:7117.08,<DUP>,chr6,43737884,3502,ENSMMUG00000019477.3,1,Macaque,0.90625
chr16:44987395:<DUP>:27708:585.63,<DUP>,chr16,44987395,27708,ENSMMUG00000000296.3,1,Macaque,0.0625
chr1:137858474:<DEL>:460:7738.41,<DEL>,chr1,137858474,460,ENSMMUG00000018525.3,1,Macaque,0.625
chr1:30683757:<DEL>:1646:1856.54,<DEL>,chr1,30683757,1646,ENSMMUG00000023397.3|ENSMMUG00000023396.2,2,Macaque,0.5625
chr14:1089188:<DEL>:2851:929.25,<DEL>,chr14,1089188,2851,ENSMMUG00000010544.3,1,Macaque,0.28125
chr3:160679945:<DUP>:29145:368.73,<DUP>,chr3,160679945,29145,ENSMMUG00000013098.3|ENSMMUG00000012324.3,2,Macaque,0.375
chr16:38172854:<DEL>:2363:1042.5,<DEL>,chr16,38172854,2363,ENSMMUG00000044079.1,1,Macaque,0.03125
chr7:78506247:<DEL>:53766:661.53,<DEL>,chr7,78506247,53766,ENSMMUG00000038269.1|ENSMMUG00000039704.1,2,Macaque,0.28125
chr13:62688743:<DEL>:821:2535.46,<DEL>,chr13,62688743,821,ENSMMUG00000013972.3,1,Macaque,0.65625
chr12:39065117:<DEL>:578:2060.45,<DEL>,chr12,39065117,578,ENSMMUG00000031452.2,1,Macaque,0.59375
chr10:64047463:<DUP>:25958:523.76,<DUP>,chr10,64047463,25958,ENSMMUG00000040017.1|ENSMMUG00000041627.1,2,Macaque,0.3125
chr3:70373440:<DEL>:95046:2456.57,<DEL>,chr3,70373440,95046,ENSMMUG00000038528.1,1,Macaque,0.65625
chr16:70014386:<DEL>:518:1295.39,<DEL>,chr16,70014386,518,ENSMMUG00000003539.3,1,Macaque,0.25
chr19:21485191:<DEL>:652:269.94,<DEL>,chr19,21485191,652,ENSMMUG00000040273.1,1,Macaque,0.125
chr19:50048235:<DUP>:16806:345.85,<DUP>,chr19,50048235,16806,ENSMMUG00000010125.3|ENSMMUG00000009456.3,2,Macaque,0.28125
chr14:62425098:<DEL>:1513:12524.53,<DEL>,chr14,62425098,1513,ENSMMUG00000001069.2,1,Macaque,0.5625
chr19:17283103:<DEL>:2570:6434.32,<DEL>,chr19,17283103,2570,ENSMMUG00000023403.3,1,Macaque,0.5
chr13:91224262:<DUP>:16872:3204.18,<DUP>,chr13,91224262,16872,ENSMMUG00000049079.1,1,Macaque,0.84375
chr13:87137553:<DEL>:448:10349.81,<DEL>,chr13,87137553,448,ENSMMUG00000002673.3,1,Macaque,0.9375
chr4:33356922:<DEL>:96554:142.81,<DEL>,chr4,33356922,96554,ENSMMUG00000042625.1|ENSMMUG00000029799.2|ENSMMUG00000037057.2|ENSMMUG00000048123.1,4,Macaque,0.0625
chr7:103502935:<DEL>:998:4534.18,<DEL>,chr7,103502935,998,ENSMMUG00000011997.3,1,Macaque,0.75
chr14:1089011:<DEL>:941:3981.25,<DEL>,chr14,1089011,941,ENSMMUG00000010544.3,1,Macaque,0.8125
chr19:41598701:<DEL>:632:13686.45,<DEL>,chr19,41598701,632,ENSMMUG00000020229.3,1,Macaque,0.5625
chr19:21804248:<DUP>:484:8937.11,<DUP>,chr19,21804248,484,ENSMMUG00000038943.1,1,Macaque,0.90625
chr9:95756427:<DEL>:488:14855.46,<DEL>,chr9,95756427,488,ENSMMUG00000018476.2,1,Macaque,0.8125
chr20:271042:<DEL>:398:6675.99,<DEL>,chr20,271042,398,ENSMMUG00000000604.2,1,Macaque,0.4375
chr14:1085019:<DEL>:3043:667.5,<DEL>,chr14,1085019,3043,ENSMMUG00000010544.3,1,Macaque,0.09375
chr15:2230742:<DUP>:6604:1053.06,<DUP>,chr15,2230742,6604,ENSMMUG00000041988.1,1,Macaque,0.09375
chr14:5529154:<DEL>:2249:1884.23,<DEL>,chr14,5529154,2249,ENSMMUG00000010784.3,1,Macaque,0.125
chr4:139921296:<DEL>:18231:8555.3,<DEL>,chr4,139921296,18231,ENSMMUG00000040583.1,1,Macaque,0.40625
chr12:114847346:<DEL>:38644:451.33,<DEL>,chr12,114847346,38644,ENSMMUG00000006985.3,1,Macaque,0.40625
chr1:126909230:<DEL>:592:1295.88,<DEL>,chr1,126909230,592,ENSMMUG00000012805.3,1,Macaque,0.59375
chr19:22594752:<DEL>:578:4817.45,<DEL>,chr19,22594752,578,ENSMMUG00000003688.3,1,Macaque,0.625
chr12:83781743:<DEL>:2444:1382.57,<DEL>,chr12,83781743,2444,ENSMMUG00000005240.3,1,Macaque,0.65625
chr5:63810467:<DEL>:6686:706.73,<DEL>,chr5,63810467,6686,ENSMMUG00000004465.3,1,Macaque,0.34375
chr7:111583820:<DEL>:4405:727.01,<DEL>,chr7,111583820,4405,ENSMMUG00000037655.1,1,Macaque,0.0625
chr8:7190396:<DEL>:70129:1282.7,<DEL>,chr8,7190396,70129,ENSMMUG00000040721.1|ENSMMUG00000045717.1|ENSMMUG00000029115.2,3,Macaque,0.5625
chr11:50942673:<DEL>:28337:10062.05,<DEL>,chr11,50942673,28337,ENSMMUG00000031925.2|ENSMMUG00000045676.1|ENSMMUG00000031924.2,3,Macaque,0.8125
chr19:46746503:<DEL>:11345:2514.63,<DEL>,chr19,46746503,11345,ENSMMUG00000018161.3,1,Macaque,0.625
chr7:168567028:<DUP>:9620:1866.38,<DUP>,chr7,168567028,9620,ENSMMUG00000046624.1,1,Macaque,0.78125
chr10:63974720:<DEL>:50915:1524.65,<DEL>,chr10,63974720,50915,ENSMMUG00000038538.1|ENSMMUG00000031072.2|ENSMMUG00000007440.2|ENSMMUG00000042229.1|ENSMMUG00000047452.1,5,Macaque,0.53125
chr11:95878397:<DEL>:443:10352.58,<DEL>,chr11,95878397,443,ENSMMUG00000009312.3,1,Macaque,0.8125
chr20:59785802:<DEL>:1279:2173.51,<DEL>,chr20,59785802,1279,ENSMMUG00000001563.3,1,Macaque,0.65625
chr7:2078823:<DUP>:3772:2106.82,<DUP>,chr7,2078823,3772,ENSMMUG00000048627.1|ENSMMUG00000048366.1,2,Macaque,0.75
chr12:50641889:<DEL>:555:4915.71,<DEL>,chr12,50641889,555,ENSMMUG00000031425.2,1,Macaque,0.34375
chr4:30581315:<DUP>:72832:106.67,<DUP>,chr4,30581315,72832,ENSMMUG00000044002.1|ENSMMUG00000049230.1,2,Macaque,0.15625
chr14:488653:<DEL>:557:14926.52,<DEL>,chr14,488653,557,ENSMMUG00000002660.3,1,Macaque,0.75
chr9:37009685:<DUP>:9007:799.9,<DUP>,chr9,37009685,9007,ENSMMUG00000009810.3,1,Macaque,0.3125
chrX:610406:<DEL>:499:12606.37,<DEL>,chrX,610406,499,ENSMMUG00000049205.1,1,Macaque,0.90625
chr13:90853296:<DUP>:94149:2303.8,<DUP>,chr13,90853296,94149,ENSMMUG00000044058.1|ENSMMUG00000040112.1,2,Macaque,0.71875
chr10:64016470:<DEL>:39956:2553.45,<DEL>,chr10,64016470,39956,ENSMMUG00000031072.2|ENSMMUG00000040017.1|ENSMMUG00000039568.1|ENSMMUG00000043547.1|ENSMMUG00000041627.1|ENSMMUG00000047452.1,6,Macaque,0.46875
chr20:73666059:<DEL>:4008:851.43,<DEL>,chr20,73666059,4008,ENSMMUG00000012430.3,1,Macaque,0.5
chr19:303244:<DEL>:815:2890.29,<DEL>,chr19,303244,815,ENSMMUG00000012768.3,1,Macaque,0.90625
chr14:22751417:<DEL>:466:4959.04,<DEL>,chr14,22751417,466,ENSMMUG00000008827.3,1,Macaque,0.34375
chr12:76201447:<DEL>:6145:5394.8,<DEL>,chr12,76201447,6145,ENSMMUG00000037631.1,1,Macaque,0.375
chr7:18557850:<DEL>:1343:3481.25,<DEL>,chr7,18557850,1343,ENSMMUG00000014511.3,1,Macaque,0.78125
chrX:7281:<DEL>:6939:307.26,<DEL>,chrX,7281,6939,ENSMMUG00000038067.1,1,Macaque,0.09375
chr19:39137276:<DUP>:386:811.55,<DUP>,chr19,39137276,386,ENSMMUG00000028753.2,1,Macaque,0.40625
chr1:104270454:<DEL>:369:2369.85,<DEL>,chr1,104270454,369,ENSMMUG00000048921.1,1,Macaque,0.125
chr6:683782:<DUP>:59954:5067.18,<DUP>,chr6,683782,59954,ENSMMUG00000003194.3|ENSMMUG00000047569.1,2,Macaque,0.9375
chr9:5637707:<DEL>:2025:1126.24,<DEL>,chr9,5637707,2025,ENSMMUG00000013182.3,1,Macaque,0.28125
chr17:18383863:<DEL>:476:22379.7,<DEL>,chr17,18383863,476,ENSMMUG00000002113.3,1,Macaque,0.9375
chrX:609545:<DEL>:3130:290.41,<DEL>,chrX,609545,3130,ENSMMUG00000039887.1|ENSMMUG00000045679.1|ENSMMUG00000041673.1|ENSMMUG00000049205.1|ENSMMUG00000042608.1,5,Macaque,0.3125
chr11:7456570:<DEL>:947:611.61,<DEL>,chr11,7456570,947,ENSMMUG00000008897.3,1,Macaque,0.125
chr3:175472584:<DEL>:630:2439.31,<DEL>,chr3,175472584,630,ENSMMUG00000006320.2,1,Macaque,0.21875
chr10:64047969:<DUP>:25459:396.64,<DUP>,chr10,64047969,25459,ENSMMUG00000040017.1|ENSMMUG00000041627.1,2,Macaque,0.21875
chr1:21689227:<DEL>:355:14772.15,<DEL>,chr1,21689227,355,ENSMMUG00000023382.3,1,Macaque,0.78125
chr14:1088546:<DEL>:5191:142.23,<DEL>,chr14,1088546,5191,ENSMMUG00000010544.3,1,Macaque,0.0625
chr9:128178154:<DEL>:8243:1225.65,<DEL>,chr9,128178154,8243,ENSMMUG00000022445.3,1,Macaque,0.25
chrX:608503:<DUP>:3335:2762.6,<DUP>,chrX,608503,3335,ENSMMUG00000039887.1|ENSMMUG00000045679.1|ENSMMUG00000041673.1|ENSMMUG00000049205.1|ENSMMUG00000042608.1,5,Macaque,0.84375
chr4:33352031:<DEL>:91490:882.76,<DEL>,chr4,33352031,91490,ENSMMUG00000042625.1|ENSMMUG00000029799.2|ENSMMUG00000008227.3|ENSMMUG00000037057.2|ENSMMUG00000048123.1,5,Macaque,0.1875
chr1:552968:<DUP>:29266:189.32,<DUP>,chr1,552968,29266,ENSMMUG00000001549.3|ENSMMUG00000045301.1,2,Macaque,0.03125
chr7:20114380:<DEL>:2295:11032.85,<DEL>,chr7,20114380,2295,ENSMMUG00000001682.3,1,Macaque,0.75
chr11:38300957:<DEL>:1584:1312.9,<DEL>,chr11,38300957,1584,ENSMMUG00000032027.2,1,Macaque,0.03125
chr19:49878614:<DUP>:39238:245.07,<DUP>,chr19,49878614,39238,ENSMMUG00000044622.1|ENSMMUG00000046629.1|ENSMMUG00000047029.1|ENSMMUG00000013289.3|ENSMMUG00000040008.1,5,Macaque,0.15625
chr11:118251324:<DEL>:9366:539.3,<DEL>,chr11,118251324,9366,ENSMMUG00000005098.3,1,Macaque,0.125
chr4:31984074:<DEL>:53107:380.15,<DEL>,chr4,31984074,53107,ENSMMUG00000048806.1|ENSMMUG00000041204.1|ENSMMUG00000045600.1|ENSMMUG00000040953.1,4,Macaque,0.0625
chr16:5069953:<DEL>:981:911.06,<DEL>,chr16,5069953,981,ENSMMUG00000018648.3,1,Macaque,0.09375
chr19:7253249:<DEL>:473:3918.24,<DEL>,chr19,7253249,473,ENSMMUG00000019966.2,1,Macaque,0.5
chr19:50048068:<DUP>:16696:328.89,<DUP>,chr19,50048068,16696,ENSMMUG00000010125.3|ENSMMUG00000009456.3,2,Macaque,0.21875
chr6:690492:<DEL>:67705:2390.68,<DEL>,chr6,690492,67705,ENSMMUG00000003194.3|ENSMMUG00000047569.1,2,Macaque,0.4375
chr4:168376038:<DEL>:334:12153.33,<DEL>,chr4,168376038,334,ENSMMUG00000005673.3,1,Macaque,0.84375
chr4:27226238:<DEL>:683:1320.83,<DEL>,chr4,27226238,683,ENSMMUG00000006914.3,1,Macaque,0.0625
chr9:13516588:<DEL>:1666:2131.69,<DEL>,chr9,13516588,1666,ENSMMUG00000002081.3,1,Macaque,0.71875
chr8:7192102:<DEL>:47137:1426.96,<DEL>,chr8,7192102,47137,ENSMMUG00000045717.1|ENSMMUG00000029115.2,2,Macaque,0.375
chr3:3325716:<DUP>:3403:1350.35,<DUP>,chr3,3325716,3403,ENSMMUG00000020050.3,1,Macaque,0.125
chr3:160731110:<DUP>:86572:1910.43,<DUP>,chr3,160731110,86572,ENSMMUG00000013098.3|ENSMMUG00000007557.3,2,Macaque,0.5
chr16:5070459:<DUP>:672:4994.86,<DUP>,chr16,5070459,672,ENSMMUG00000018648.3,1,Macaque,0.65625
chr14:17888697:<DEL>:605:1781.78,<DEL>,chr14,17888697,605,ENSMMUG00000005861.3,1,Macaque,0.6875
chr2:19181844:<DEL>:4359:11062.33,<DEL>,chr2,19181844,4359,ENSMMUG00000031115.2,1,Macaque,0.8125
chr15:10283947:<DEL>:560:866.89,<DEL>,chr15,10283947,560,ENSMMUG00000009327.3,1,Macaque,0.125
chr3:126481902:<DEL>:830:10155.77,<DEL>,chr3,126481902,830,ENSMMUG00000048774.1,1,Macaque,0.625
chr2:114761434:<DEL>:595:16741.68,<DEL>,chr2,114761434,595,ENSMMUG00000028397.2,1,Macaque,0.75
chr1:43697538:<DUP>:651:4469.17,<DUP>,chr1,43697538,651,ENSMMUG00000047420.1,1,Macaque,0.71875
chr19:17282579:<DEL>:211:3500.61,<DEL>,chr19,17282579,211,ENSMMUG00000023403.3,1,Macaque,0.5
chr6:138022574:<DEL>:57598:360.46,<DEL>,chr6,138022574,57598,ENSMMUG00000003279.3,1,Macaque,0.09375
chr14:1088992:<DUP>:1152:2272.75,<DUP>,chr14,1088992,1152,ENSMMUG00000010544.3,1,Macaque,0.78125
chr3:39628088:<DEL>:31878:250.2,<DEL>,chr3,39628088,31878,ENSMMUG00000008220.3,1,Macaque,0.03125
chr16:18005003:<DEL>:432:37757.03,<DEL>,chr16,18005003,432,ENSMMUG00000003349.3,1,Macaque,0.875
chr20:54284048:<DEL>:1005:1888.51,<DEL>,chr20,54284048,1005,ENSMMUG00000029091.2,1,Macaque,0.09375
chr3:90082755:<DEL>:755:1389.38,<DEL>,chr3,90082755,755,ENSMMUG00000008632.3,1,Macaque,0.21875
chr7:168556360:<DUP>:19651:1737.26,<DUP>,chr7,168556360,19651,ENSMMUG00000046624.1,1,Macaque,0.75
chr11:53024543:<DEL>:7366:1035.6,<DEL>,chr11,53024543,7366,ENSMMUG00000005182.3|ENSMMUG00000031851.2,2,Macaque,0.1875
chr1:126907838:<DEL>:2531:1231.6,<DEL>,chr1,126907838,2531,ENSMMUG00000012805.3,1,Macaque,0.53125
chr20:40085069:<DEL>:601:5581.42,<DEL>,chr20,40085069,601,ENSMMUG00000007649.3,1,Macaque,0.71875
chr5:409360:<DUP>:956:2808.18,<DUP>,chr5,409360,956,ENSMMUG00000049114.1,1,Macaque,0.9375
chr5:65487048:<DEL>:77442:225.18,<DEL>,chr5,65487048,77442,ENSMMUG00000000337.3|ENSMMUG00000012355.3,2,Macaque,0.1875
chr1:121358771:<DEL>:3545:1910.52,<DEL>,chr1,121358771,3545,ENSMMUG00000012707.3,1,Macaque,0.125
chr1:127619132:<DEL>:17751:7587.19,<DEL>,chr1,127619132,17751,ENSMMUG00000047283.1,1,Macaque,0.84375
chrX:135679612:<DEL>:36311:1521.72,<DEL>,chrX,135679612,36311,ENSMMUG00000032328.2,1,Macaque,0.6875
chr19:41518236:<DEL>:693:3924.93,<DEL>,chr19,41518236,693,ENSMMUG00000044928.1,1,Macaque,0.125
chr19:179877:<DEL>:557:12886.1,<DEL>,chr19,179877,557,ENSMMUG00000000485.3,1,Macaque,0.84375
chr20:132006:<DUP>:4250:481.78,<DUP>,chr20,132006,4250,ENSMMUG00000029310.2,1,Macaque,0.1875
chr19:31555439:<DEL>:3237:1507.84,<DEL>,chr19,31555439,3237,ENSMMUG00000018954.3,1,Macaque,0.125
chr12:125335603:<DEL>:30613:430.56,<DEL>,chr12,125335603,30613,ENSMMUG00000045848.1|ENSMMUG00000021368.3,2,Macaque,0.03125
chr20:73697435:<DEL>:956:174.21,<DEL>,chr20,73697435,956,ENSMMUG00000012433.3,1,Macaque,0.09375
chr5:101939759:<DEL>:736:2465.03,<DEL>,chr5,101939759,736,ENSMMUG00000019085.3,1,Macaque,0.71875
chr7:20063114:<DEL>:33850:8043.37,<DEL>,chr7,20063114,33850,ENSMMUG00000029700.2|ENSMMUG00000027772.2,2,Macaque,0.6875
chrX:47911677:<DEL>:3192:4711.68,<DEL>,chrX,47911677,3192,ENSMMUG00000046803.1,1,Macaque,0.15625
chr19:48756163:<DEL>:311:5452.87,<DEL>,chr19,48756163,311,ENSMMUG00000006778.3,1,Macaque,0.3125
chr10:2423122:<DUP>:613:666.46,<DUP>,chr10,2423122,613,ENSMMUG00000037574.1,1,Macaque,0.09375
chr16:56027293:<DUP>:11833:2194.69,<DUP>,chr16,56027293,11833,ENSMMUG00000009802.3,1,Macaque,0.3125
chr9:129255080:<DUP>:66325:817.95,<DUP>,chr9,129255080,66325,ENSMMUG00000006087.3|ENSMMUG00000045960.1,2,Macaque,0.0625
chr11:125091470:<DEL>:899:3150.29,<DEL>,chr11,125091470,899,ENSMMUG00000017902.3,1,Macaque,0.78125
chr13:90947445:<DEL>:40595:118.59,<DEL>,chr13,90947445,40595,ENSMMUG00000049046.1|ENSMMUG00000049259.1|ENSMMUG00000048815.1|ENSMMUG00000042758.1,4,Macaque,0.125
chr4:161659449:<DUP>:5816:3032.08,<DUP>,chr4,161659449,5816,ENSMMUG00000016201.3,1,Macaque,0.625
chr7:41382719:<DEL>:8999:2054.29,<DEL>,chr7,41382719,8999,ENSMMUG00000013270.3,1,Macaque,0.1875
chr15:7524835:<DEL>:2292:1208.02,<DEL>,chr15,7524835,2292,ENSMMUG00000042881.1,1,Macaque,0.15625
chr18:6040449:<DEL>:6823:6674.21,<DEL>,chr18,6040449,6823,ENSMMUG00000005086.3,1,Macaque,0.5
chr14:1088327:<DUP>:431:828.79,<DUP>,chr14,1088327,431,ENSMMUG00000010544.3,1,Macaque,0.4375
chr1:519473:<DUP>:22560:2560.16,<DUP>,chr1,519473,22560,ENSMMUG00000047918.1,1,Macaque,0.5625
chr19:5991186:<DEL>:26508:647.44,<DEL>,chr19,5991186,26508,ENSMMUG00000009166.3|ENSMMUG00000001685.3,2,Macaque,0.1875
chr5:65487046:<DEL>:78032:148.19,<DEL>,chr5,65487046,78032,ENSMMUG00000000337.3|ENSMMUG00000012355.3,2,Macaque,0.09375
